"WB";"Period";"scenario";"Biological";"Supporting";"EQR";"Status";"Worst_Biological";"Worst_Supporting"
"0101000030-1-C";"2017-2019";"baseline";0.848496551264324;0.823255570486071;0.848496551264324;"High";"Planteplankton";"Oksygen"
"0101000030-1-C";"2017-2019";"DIN100pc";0.863549220312771;0.846028843958738;0.863549220312771;"High";"Planteplankton";"Oksygen"
"0101000030-1-C";"2017-2019";"DINP100pc";0.864275313980718;0.848483373456848;0.864275313980718;"High";"Planteplankton";"Oksygen"
"0101000030-1-C";"2017-2019";"DINTSM100pc";0.85452432168493;0.856704961568585;0.85452432168493;"High";"Planteplankton";"Oksygen"
"0101000030-1-C";"2017-2019";"NTSM100pc";0.859250525760166;0.857719469288507;0.859250525760166;"High";"Planteplankton";"Oksygen"
"0101000030-1-C";"2017-2019";"Scenario A";0.879984450405252;0.836440890437731;0.879984450405252;"High";"Planteplankton";"Oksygen"
"0101000030-1-C";"2017-2019";"Scenario B";0.881164294679082;0.846445816701297;0.881164294679082;"High";"Planteplankton";"Oksygen"
"0101000030-2-C";"2017-2019";"baseline";0.944540722057621;0.824371268798672;0.944540722057621;"High";"Planteplankton";"Oksygen"
"0101000030-2-C";"2017-2019";"DIN100pc";0.953047911684354;0.835143456226487;0.953047911684354;"High";"Planteplankton";"Oksygen"
"0101000030-2-C";"2017-2019";"DINP100pc";0.952607907118049;0.836672411964902;0.952607907118049;"High";"Planteplankton";"Oksygen"
"0101000030-2-C";"2017-2019";"DINTSM100pc";0.946429046465107;0.842483952801162;0.946429046465107;"High";"Planteplankton";"Oksygen"
"0101000030-2-C";"2017-2019";"NTSM100pc";0.947262111562859;0.843361293717531;0.947262111562859;"High";"Planteplankton";"Oksygen"
"0101000030-2-C";"2017-2019";"Scenario A";0.97669271785693;0.830239789204818;0.97669271785693;"High";"Planteplankton";"Oksygen"
"0101000030-2-C";"2017-2019";"Scenario B";0.976741382379234;0.833787820320772;0.976741382379234;"High";"Planteplankton";"Oksygen"
"0101000031-C";"2017-2019";"baseline";0.967318044466797;0.821449130656685;0.967318044466797;"High";"Planteplankton";"Oksygen"
"0101000031-C";"2017-2019";"DIN100pc";0.978277314493852;0.829235348357821;0.978277314493852;"High";"Planteplankton";"Oksygen"
"0101000031-C";"2017-2019";"DINP100pc";0.978406145624011;0.830726295248261;0.978406145624011;"High";"Planteplankton";"Oksygen"
"0101000031-C";"2017-2019";"DINTSM100pc";0.966091077076015;0.834635817365061;0.966091077076015;"High";"Planteplankton";"Oksygen"
"0101000031-C";"2017-2019";"NTSM100pc";0.968693394495799;0.835103705078094;0.968693394495799;"High";"Planteplankton";"Oksygen"
"0101000031-C";"2017-2019";"Scenario A";0.975500388291265;0.824750045920811;0.975500388291265;"High";"Planteplankton";"Oksygen"
"0101000031-C";"2017-2019";"Scenario B";0.97497521183417;0.827630495673026;0.97497521183417;"High";"Planteplankton";"Oksygen"
"0101000032-3-C";"2017-2019";"baseline";0.941871763647219;0.814593317306543;0.941871763647219;"High";"Planteplankton";"Oksygen"
"0101000032-3-C";"2017-2019";"DIN100pc";0.952736354148839;0.843077538667647;0.952736354148839;"High";"Planteplankton";"Oksygen"
"0101000032-3-C";"2017-2019";"DINP100pc";0.952131463854123;0.845616807009818;0.952131463854123;"High";"Planteplankton";"Oksygen"
"0101000032-3-C";"2017-2019";"DINTSM100pc";0.97442237789742;0.855565967845517;0.97442237789742;"High";"Planteplankton";"Oksygen"
"0101000032-3-C";"2017-2019";"NTSM100pc";0.977306063547992;0.857994431937475;0.977306063547992;"High";"Planteplankton";"Oksygen"
"0101000032-3-C";"2017-2019";"Scenario A";0.990775112588021;0.826438404144719;0.990775112588021;"High";"Planteplankton";"Oksygen"
"0101000032-3-C";"2017-2019";"Scenario B";0.9922649985917;0.839006662783132;0.9922649985917;"High";"Planteplankton";"Oksygen"
"0101000032-4-C";"2017-2019";"baseline";0.918672550235655;0.791412412344954;0.791412412344954;"Good";"Planteplankton";"Oksygen"
"0101000032-4-C";"2017-2019";"DIN100pc";0.941113542933651;0.836268488578074;0.941113542933651;"High";"Planteplankton";"Oksygen"
"0101000032-4-C";"2017-2019";"DINP100pc";0.941202311913043;0.839903810985641;0.941202311913043;"High";"Planteplankton";"Oksygen"
"0101000032-4-C";"2017-2019";"DINTSM100pc";0.951548608260533;0.85387972630847;0.951548608260533;"High";"Planteplankton";"Oksygen"
"0101000032-4-C";"2017-2019";"NTSM100pc";0.959643930979889;0.854965388530416;0.959643930979889;"High";"Planteplankton";"Oksygen"
"0101000032-4-C";"2017-2019";"Scenario A";1;0.808761919374044;1;"High";"Planteplankton";"Oksygen"
"0101000032-4-C";"2017-2019";"Scenario B";1;0.824370721607282;1;"High";"Planteplankton";"Oksygen"
"0101010203-C";"2017-2019";"baseline";NA;0.609343941823202;NA;NA;"Planteplankton";"NO3-N vinter"
"0101010203-C";"2017-2019";"DIN100pc";NA;0.788064313900636;NA;NA;"Planteplankton";"Oksygen"
"0101010203-C";"2017-2019";"DINP100pc";NA;0.804345528599937;NA;NA;"Planteplankton";"Oksygen"
"0101010203-C";"2017-2019";"DINTSM100pc";NA;0.824753245807806;NA;NA;"Planteplankton";"TP sommer"
"0101010203-C";"2017-2019";"NTSM100pc";NA;0.826128893890657;NA;NA;"Planteplankton";"TP sommer"
"0101010203-C";"2017-2019";"Scenario A";NA;0.626909703810048;NA;NA;"Planteplankton";"NO3-N vinter"
"0101010203-C";"2017-2019";"Scenario B";NA;0.657636689369497;NA;NA;"Planteplankton";"NO3-N vinter"
"0101010301-C";"2017-2019";"baseline";0.692247056287687;0.67812123649017;0.692247056287687;"Good";"Planteplankton";"NO3-N vinter"
"0101010301-C";"2017-2019";"DIN100pc";0.735763420793571;0.821990536543186;0.735763420793571;"Good";"Planteplankton";"Siktdyp"
"0101010301-C";"2017-2019";"DINP100pc";0.73706131205919;0.835300918266552;0.73706131205919;"Good";"Planteplankton";"Siktdyp"
"0101010301-C";"2017-2019";"DINTSM100pc";0.739852824146342;0.850157394589698;0.739852824146342;"Good";"Planteplankton";"Oksygen"
"0101010301-C";"2017-2019";"NTSM100pc";0.754590687279809;0.85321528317167;0.754590687279809;"Good";"Planteplankton";"Oksygen"
"0101010301-C";"2017-2019";"Scenario A";0.712885796687668;0.712027887416594;0.712885796687668;"Good";"Planteplankton";"NO3-N vinter"
"0101010301-C";"2017-2019";"Scenario B";0.717987346113464;0.74066681623457;0.717987346113464;"Good";"Planteplankton";"NO3-N vinter"
"0101010302-C";"2017-2019";"baseline";0.710185801445675;0.587476518924084;0.587476518924084;"Mod";"Planteplankton";"NO3-N vinter"
"0101010302-C";"2017-2019";"DIN100pc";0.759458601610389;0.799089813549998;0.759458601610389;"Good";"Planteplankton";"Siktdyp"
"0101010302-C";"2017-2019";"DINP100pc";0.761856892293085;0.826210805840041;0.761856892293085;"Good";"Planteplankton";"Siktdyp"
"0101010302-C";"2017-2019";"DINTSM100pc";0.76481253675643;0.829992422266468;0.76481253675643;"Good";"Planteplankton";"TP vinter"
"0101010302-C";"2017-2019";"NTSM100pc";0.775643196234808;0.83171322405531;0.775643196234808;"Good";"Planteplankton";"TP vinter"
"0101010302-C";"2017-2019";"Scenario A";0.720240762420635;0.619318860974076;0.720240762420635;"Good";"Planteplankton";"NO3-N vinter"
"0101010302-C";"2017-2019";"Scenario B";0.731076566458804;0.653512478225293;0.731076566458804;"Good";"Planteplankton";"NO3-N vinter"
"0101010303-C";"2017-2019";"baseline";0.693588535045989;0.661545811788134;0.693588535045989;"Good";"Planteplankton";"NO3-N vinter"
"0101010303-C";"2017-2019";"DIN100pc";0.742577775597509;0.79879526687476;0.742577775597509;"Good";"Planteplankton";"Siktdyp"
"0101010303-C";"2017-2019";"DINP100pc";0.741555570064523;0.812642126702675;0.741555570064523;"Good";"Planteplankton";"Siktdyp"
"0101010303-C";"2017-2019";"DINTSM100pc";0.754998266339191;0.827774772233448;0.754998266339191;"Good";"Planteplankton";"Oksygen"
"0101010303-C";"2017-2019";"NTSM100pc";0.767316145911412;0.831532138794735;0.767316145911412;"Good";"Planteplankton";"Oksygen"
"0101010303-C";"2017-2019";"Scenario A";0.714929903484543;0.694998085651194;0.714929903484543;"Good";"Planteplankton";"NO3-N vinter"
"0101010303-C";"2017-2019";"Scenario B";0.724703533237648;0.724139588909033;0.724703533237648;"Good";"Planteplankton";"NO3-N vinter"
"0101010304-C";"2017-2019";"baseline";0.649485969543457;0.657641891501491;0.649485969543457;"Good";"Planteplankton";"NO3-N vinter"
"0101010304-C";"2017-2019";"DIN100pc";0.71104351679484;0.815461126427702;0.71104351679484;"Good";"Planteplankton";"Siktdyp"
"0101010304-C";"2017-2019";"DINP100pc";0.711002635955811;0.834559971927482;0.711002635955811;"Good";"Planteplankton";"Siktdyp"
"0101010304-C";"2017-2019";"DINTSM100pc";0.731408468882243;0.840069721360929;0.731408468882243;"Good";"Planteplankton";"Siktdyp"
"0101010304-C";"2017-2019";"NTSM100pc";0.738667329152425;0.845663339003764;0.738667329152425;"Good";"Planteplankton";"Siktdyp"
"0101010304-C";"2017-2019";"Scenario A";0.67331018447876;0.693623229337097;0.67331018447876;"Good";"Planteplankton";"NO3-N vinter"
"0101010304-C";"2017-2019";"Scenario B";0.688138739267985;0.727998364171641;0.688138739267985;"Good";"Planteplankton";"NO3-N vinter"
"0101010305-C";"2017-2019";"baseline";0.642542607798346;0.632194998806618;0.642542607798346;"Good";"Planteplankton";"NO3-N vinter"
"0101010305-C";"2017-2019";"DIN100pc";0.692410032579867;0.77858320155138;0.692410032579867;"Good";"Planteplankton";"Siktdyp"
"0101010305-C";"2017-2019";"DINP100pc";0.700358106115621;0.78987124260154;0.700358106115621;"Good";"Planteplankton";"Siktdyp"
"0101010305-C";"2017-2019";"DINTSM100pc";0.722420439952115;0.810654464901746;0.722420439952115;"Good";"Planteplankton";"Siktdyp"
"0101010305-C";"2017-2019";"NTSM100pc";0.749145263420266;0.817759133984769;0.749145263420266;"Good";"Planteplankton";"Siktdyp"
"0101010305-C";"2017-2019";"Scenario A";0.673310568843676;0.665405098835247;0.673310568843676;"Good";"Planteplankton";"NO3-N vinter"
"0101010305-C";"2017-2019";"Scenario B";0.685400948675326;0.69410058691302;0.685400948675326;"Good";"Planteplankton";"NO3-N vinter"
"0101010306-C";"2017-2019";"baseline";0.688921371424969;0.690390299795496;0.688921371424969;"Good";"Planteplankton";"NO3-N sommer"
"0101010306-C";"2017-2019";"DIN100pc";0.739984602199723;0.82858155992974;0.739984602199723;"Good";"Planteplankton";"Siktdyp"
"0101010306-C";"2017-2019";"DINP100pc";0.740385437838614;0.840237983037518;0.740385437838614;"Good";"Planteplankton";"Siktdyp"
"0101010306-C";"2017-2019";"DINTSM100pc";0.718821933793205;0.855472350025562;0.718821933793205;"Good";"Planteplankton";"TP vinter"
"0101010306-C";"2017-2019";"NTSM100pc";0.733221455859937;0.858212114384995;0.733221455859937;"Good";"Planteplankton";"TP vinter"
"0101010306-C";"2017-2019";"Scenario A";0.703471502057147;0.725536942696371;0.703471502057147;"Good";"Planteplankton";"NO3-N sommer"
"0101010306-C";"2017-2019";"Scenario B";0.710542296787465;0.758497088174665;0.710542296787465;"Good";"Planteplankton";"NO3-N sommer"
"0101010401-C";"2017-2019";"baseline";0.710526336826301;0.623297706819406;0.710526336826301;"Good";"Planteplankton";"Siktdyp"
"0101010401-C";"2017-2019";"DIN100pc";0.746340981028686;0.796120996512005;0.746340981028686;"Good";"Planteplankton";"Siktdyp"
"0101010401-C";"2017-2019";"DINP100pc";0.74987524585527;0.812790755364995;0.74987524585527;"Good";"Planteplankton";"Siktdyp"
"0101010401-C";"2017-2019";"DINTSM100pc";0.693965446287206;0.836766275516812;0.693965446287206;"Good";"Planteplankton";"Siktdyp"
"0101010401-C";"2017-2019";"NTSM100pc";0.705484046512921;0.83957727338175;0.705484046512921;"Good";"Planteplankton";"Siktdyp"
"0101010401-C";"2017-2019";"Scenario A";0.678053442303496;0.664320608872367;0.678053442303496;"Good";"Planteplankton";"NO3-N sommer"
"0101010401-C";"2017-2019";"Scenario B";0.674173357377709;0.695400525958783;0.674173357377709;"Good";"Planteplankton";"Siktdyp"
"0101010405-C";"2017-2019";"baseline";0.766250133910121;0.53086891924875;0.566250133910121;"Mod";"Planteplankton";"Oksygen"
"0101010405-C";"2017-2019";"DIN100pc";0.773017382967782;0.749642185720677;0.773017382967782;"Good";"Planteplankton";"Oksygen"
"0101010405-C";"2017-2019";"DINP100pc";0.779088280974366;0.785937018106126;0.779088280974366;"Good";"Planteplankton";"Oksygen"
"0101010405-C";"2017-2019";"DINTSM100pc";0.688105347099552;0.807457505254535;0.688105347099552;"Good";"Planteplankton";"Siktdyp"
"0101010405-C";"2017-2019";"NTSM100pc";0.692862556616441;0.808115762328316;0.692862556616441;"Good";"Planteplankton";"Siktdyp"
"0101010405-C";"2017-2019";"Scenario A";0.695145134149568;0.582672662744816;0.582672662744816;"Mod";"Planteplankton";"Oksygen"
"0101010405-C";"2017-2019";"Scenario B";0.682605389614939;0.627861357462652;0.682605389614939;"Good";"Planteplankton";"Oksygen"
"0101010406-C";"2017-2019";"baseline";0.732674853006999;0.729345895600898;0.732674853006999;"Good";"Planteplankton";"NO3-N sommer"
"0101010406-C";"2017-2019";"DIN100pc";0.799368731180827;0.842954422615356;0.799368731180827;"Good";"Planteplankton";"Siktdyp"
"0101010406-C";"2017-2019";"DINP100pc";0.799522240956624;0.852865235158223;0.799522240956624;"Good";"Planteplankton";"Siktdyp"
"0101010406-C";"2017-2019";"DINTSM100pc";0.776012706756592;0.867351197355639;0.776012706756592;"Good";"Planteplankton";"TP vinter"
"0101010406-C";"2017-2019";"NTSM100pc";0.78995893796285;0.869416718728371;0.78995893796285;"Good";"Planteplankton";"TP vinter"
"0101010406-C";"2017-2019";"Scenario A";0.762451696395874;0.764602029754718;0.762451696395874;"Good";"Planteplankton";"NO3-N sommer"
"0101010406-C";"2017-2019";"Scenario B";0.771263742446899;0.799223166987195;0.771263742446899;"Good";"Planteplankton";"TP vinter"
"0101010407-C";"2017-2019";"baseline";0.690226402877424;0.645513797760062;0.690226402877424;"Good";"Planteplankton";"NO3-N sommer"
"0101010407-C";"2017-2019";"DIN100pc";0.743768323719236;0.828057588570982;0.743768323719236;"Good";"Planteplankton";"Siktdyp"
"0101010407-C";"2017-2019";"DINP100pc";0.748346068595145;0.847124138247757;0.748346068595145;"Good";"Planteplankton";"Siktdyp"
"0101010407-C";"2017-2019";"DINTSM100pc";0.686484179387198;0.857060761697162;0.686484179387198;"Good";"Planteplankton";"Siktdyp"
"0101010407-C";"2017-2019";"NTSM100pc";0.703947516623372;0.859621396210014;0.703947516623372;"Good";"Planteplankton";"Siktdyp"
"0101010407-C";"2017-2019";"Scenario A";0.673830188922539;0.683956790955324;0.673830188922539;"Good";"Planteplankton";"NO3-N sommer"
"0101010407-C";"2017-2019";"Scenario B";0.667118635659669;0.718729273493945;0.667118635659669;"Good";"Planteplankton";"Siktdyp"
"0101010408-C";"2017-2019";"baseline";0.721480442346321;0.660388504938561;0.721480442346321;"Good";"Planteplankton";"Siktdyp"
"0101010408-C";"2017-2019";"DIN100pc";0.762734637481398;0.798124326966847;0.762734637481398;"Good";"Planteplankton";"Siktdyp"
"0101010408-C";"2017-2019";"DINP100pc";0.764703329665419;0.809649688781627;0.764703329665419;"Good";"Planteplankton";"Siktdyp"
"0101010408-C";"2017-2019";"DINTSM100pc";0.709713164698114;0.849450041073513;0.709713164698114;"Good";"Planteplankton";"Oksygen"
"0101010408-C";"2017-2019";"NTSM100pc";0.724162403176956;0.852606635085328;0.724162403176956;"Good";"Planteplankton";"Oksygen"
"0101010408-C";"2017-2019";"Scenario A";0.700989915777613;0.69608185228437;0.700989915777613;"Good";"Planteplankton";"NO3-N sommer"
"0101010408-C";"2017-2019";"Scenario B";0.699345254898098;0.72541216594482;0.699345254898098;"Good";"Planteplankton";"Siktdyp"
"0101010500-C";"2017-2019";"baseline";0.881763910971627;0.692574431809864;0.692574431809864;"Good";"Planteplankton";"Siktdyp"
"0101010500-C";"2017-2019";"DIN100pc";0.921769787719678;0.814037033329683;0.921769787719678;"High";"Planteplankton";"Siktdyp"
"0101010500-C";"2017-2019";"DINP100pc";0.921914293154769;0.824229514874083;0.921914293154769;"High";"Planteplankton";"Siktdyp"
"0101010500-C";"2017-2019";"DINTSM100pc";0.89423811307682;0.854223262353654;0.89423811307682;"High";"Planteplankton";"TP vinter"
"0101010500-C";"2017-2019";"NTSM100pc";0.904722478826346;0.855293475445124;0.904722478826346;"High";"Planteplankton";"TP vinter"
"0101010500-C";"2017-2019";"Scenario A";0.940420725780513;0.709051354154268;0.740420725780513;"Good";"Planteplankton";"NO3-N sommer"
"0101010500-C";"2017-2019";"Scenario B";0.940761215557391;0.737344286541584;0.740761215557391;"Good";"Planteplankton";"Siktdyp"
"0101020101-1-C";"2017-2019";"baseline";0.790409580569325;0.78840300692034;0.790409580569325;"Good";"Planteplankton";"Oksygen"
"0101020101-1-C";"2017-2019";"DIN100pc";0.797166651021762;0.851251082277386;0.797166651021762;"Good";"Planteplankton";"Oksygen"
"0101020101-1-C";"2017-2019";"DINP100pc";0.796640114683821;0.855638385031095;0.796640114683821;"Good";"Planteplankton";"Oksygen"
"0101020101-1-C";"2017-2019";"DINTSM100pc";0.824899251526787;0.864876021909342;0.824899251526787;"High";"Planteplankton";"Oksygen"
"0101020101-1-C";"2017-2019";"NTSM100pc";0.844406100392843;0.865807674874176;0.844406100392843;"High";"Planteplankton";"Oksygen"
"0101020101-1-C";"2017-2019";"Scenario A";0.929725339043216;0.802588945041908;0.929725339043216;"High";"Planteplankton";"Oksygen"
"0101020101-1-C";"2017-2019";"Scenario B";0.932590305304307;0.822993316775379;0.932590305304307;"High";"Planteplankton";"Oksygen"
"0101020101-2-C";"2017-2019";"baseline";0.830438146926699;0.78261990042051;0.78261990042051;"Good";"Planteplankton";"Oksygen"
"0101020101-2-C";"2017-2019";"DIN100pc";0.861906255845233;0.841673513552197;0.861906255845233;"High";"Planteplankton";"Oksygen"
"0101020101-2-C";"2017-2019";"DINP100pc";0.862083709965767;0.845891555022793;0.862083709965767;"High";"Planteplankton";"Oksygen"
"0101020101-2-C";"2017-2019";"DINTSM100pc";0.878091108944428;0.858847187295744;0.878091108944428;"High";"Planteplankton";"Oksygen"
"0101020101-2-C";"2017-2019";"NTSM100pc";0.888113681272281;0.859891528964515;0.888113681272281;"High";"Planteplankton";"Oksygen"
"0101020101-2-C";"2017-2019";"Scenario A";0.955451037160084;0.799306873735615;0.799306873735615;"Good";"Planteplankton";"Oksygen"
"0101020101-2-C";"2017-2019";"Scenario B";0.960275433190967;0.818472049297792;0.960275433190967;"High";"Planteplankton";"Oksygen"
"0101020102-1-C";"2017-2019";"baseline";0.78077286084493;0.755988443325221;0.78077286084493;"Good";"Planteplankton";"Siktdyp"
"0101020102-1-C";"2017-2019";"DIN100pc";0.884839057922363;0.833511972266611;0.884839057922363;"High";"Planteplankton";"Siktdyp"
"0101020102-1-C";"2017-2019";"DINP100pc";0.884816789627075;0.838914427740359;0.884816789627075;"High";"Planteplankton";"Siktdyp"
"0101020102-1-C";"2017-2019";"DINTSM100pc";0.882023668289185;0.856878233943135;0.882023668289185;"High";"Planteplankton";"Oksygen"
"0101020102-1-C";"2017-2019";"NTSM100pc";0.89486870765686;0.858147295059921;0.89486870765686;"High";"Planteplankton";"Oksygen"
"0101020102-1-C";"2017-2019";"Scenario A";0.949113607406616;0.774685562924834;0.774685562924834;"Good";"Planteplankton";"NO3-N sommer"
"0101020102-1-C";"2017-2019";"Scenario B";0.962789583206177;0.795574669538122;0.795574669538122;"Good";"Planteplankton";"Oksygen"
"0101020102-2-C";"2017-2019";"baseline";0.758192363434104;0.749989718082645;0.758192363434104;"Good";"Planteplankton";"Siktdyp"
"0101020102-2-C";"2017-2019";"DIN100pc";0.810112101208766;0.836049324314558;0.810112101208766;"High";"Planteplankton";"Siktdyp"
"0101020102-2-C";"2017-2019";"DINP100pc";0.810073635700028;0.84282810212209;0.810073635700028;"High";"Planteplankton";"Siktdyp"
"0101020102-2-C";"2017-2019";"DINTSM100pc";0.796684385628668;0.859519569000099;0.796684385628668;"Good";"Planteplankton";"Oksygen"
"0101020102-2-C";"2017-2019";"NTSM100pc";0.810016119871141;0.860661616180942;0.810016119871141;"High";"Planteplankton";"Oksygen"
"0101020102-2-C";"2017-2019";"Scenario A";0.896349828004735;0.769738396270559;0.769738396270559;"Good";"Planteplankton";"NO3-N sommer"
"0101020102-2-C";"2017-2019";"Scenario B";0.912201741049501;0.795217832184857;0.795217832184857;"Good";"Planteplankton";"Oksygen"
"0101020104-C";"2017-2019";"baseline";0.79442938561503;0.798412063588818;0.79442938561503;"Good";"Planteplankton";"Siktdyp"
"0101020104-C";"2017-2019";"DIN100pc";0.830850859118824;0.844997064743819;0.830850859118824;"High";"Planteplankton";"Siktdyp"
"0101020104-C";"2017-2019";"DINP100pc";0.830846496930819;0.849610676884065;0.830846496930819;"High";"Planteplankton";"Siktdyp"
"0101020104-C";"2017-2019";"DINTSM100pc";0.864817990306698;0.859640162046132;0.864817990306698;"High";"Planteplankton";"TP vinter"
"0101020104-C";"2017-2019";"NTSM100pc";0.893216281723242;0.860741582857716;0.893216281723242;"High";"Planteplankton";"TP vinter"
"0101020104-C";"2017-2019";"Scenario A";0.934428894277871;0.812390270387095;0.934428894277871;"High";"Planteplankton";"Siktdyp"
"0101020104-C";"2017-2019";"Scenario B";0.943339579433882;0.832797401442384;0.943339579433882;"High";"Planteplankton";"Siktdyp"
"0101020105-C";"2017-2019";"baseline";0.78170447887421;0.787586252058937;0.78170447887421;"Good";"Planteplankton";"Siktdyp"
"0101020105-C";"2017-2019";"DIN100pc";0.794966292440227;0.846227576265563;0.794966292440227;"Good";"Planteplankton";"Siktdyp"
"0101020105-C";"2017-2019";"DINP100pc";0.794472508435187;0.851393890218023;0.794472508435187;"Good";"Planteplankton";"Siktdyp"
"0101020105-C";"2017-2019";"DINTSM100pc";0.862128600857979;0.85654817625901;0.862128600857979;"High";"Planteplankton";"Siktdyp"
"0101020105-C";"2017-2019";"NTSM100pc";0.877543451839565;0.8574535596957;0.877543451839565;"High";"Planteplankton";"Siktdyp"
"0101020105-C";"2017-2019";"Scenario A";0.911619869668346;0.79899771023612;0.79899771023612;"Good";"Planteplankton";"Siktdyp"
"0101020105-C";"2017-2019";"Scenario B";0.918750864475264;0.822054033210663;0.918750864475264;"High";"Planteplankton";"Siktdyp"
"0101020200-1-C";"2017-2019";"baseline";0.8269752731474;0.780469859543177;0.780469859543177;"Good";"Planteplankton";"Oksygen"
"0101020200-1-C";"2017-2019";"DIN100pc";0.836284240370635;0.845931782661479;0.836284240370635;"High";"Planteplankton";"Oksygen"
"0101020200-1-C";"2017-2019";"DINP100pc";0.838046549691935;0.850189667305998;0.838046549691935;"High";"Planteplankton";"Oksygen"
"0101020200-1-C";"2017-2019";"DINTSM100pc";0.854871327646944;0.856465402802085;0.854871327646944;"High";"Planteplankton";"Oksygen"
"0101020200-1-C";"2017-2019";"NTSM100pc";0.867512189289666;0.85774231066175;0.867512189289666;"High";"Planteplankton";"Oksygen"
"0101020200-1-C";"2017-2019";"Scenario A";0.945953476053911;0.792571105557831;0.792571105557831;"Good";"Planteplankton";"Oksygen"
"0101020200-1-C";"2017-2019";"Scenario B";0.946565437954622;0.813466545854938;0.946565437954622;"High";"Planteplankton";"Oksygen"
"0101020200-2-C";"2017-2019";"baseline";0.753064976350157;0.786536581246779;0.753064976350157;"Good";"Planteplankton";"Oksygen"
"0101020200-2-C";"2017-2019";"DIN100pc";0.767057073111272;0.862637972141933;0.767057073111272;"Good";"Planteplankton";"Oksygen"
"0101020200-2-C";"2017-2019";"DINP100pc";0.767906800174538;0.867904882302101;0.767906800174538;"Good";"Planteplankton";"Oksygen"
"0101020200-2-C";"2017-2019";"DINTSM100pc";0.778352863964399;0.873700499152616;0.778352863964399;"Good";"Planteplankton";"Oksygen"
"0101020200-2-C";"2017-2019";"NTSM100pc";0.788693901164043;0.874650000745555;0.788693901164043;"Good";"Planteplankton";"Oksygen"
"0101020200-2-C";"2017-2019";"Scenario A";0.852441979890167;0.799965503957649;0.799965503957649;"Good";"Planteplankton";"Oksygen"
"0101020200-2-C";"2017-2019";"Scenario B";0.855740254431078;0.821983717882467;0.855740254431078;"High";"Planteplankton";"Oksygen"
"0101020300-1-C";"2017-2019";"baseline";0.775929901476028;0.7588027224488;0.775929901476028;"Good";"Planteplankton";"Oksygen"
"0101020300-1-C";"2017-2019";"DIN100pc";0.784506253695102;0.850666248015766;0.784506253695102;"Good";"Planteplankton";"Oksygen"
"0101020300-1-C";"2017-2019";"DINP100pc";0.785176901890033;0.856423409706087;0.785176901890033;"Good";"Planteplankton";"Oksygen"
"0101020300-1-C";"2017-2019";"DINTSM100pc";0.79968468065747;0.862750466093603;0.79968468065747;"Good";"Planteplankton";"Oksygen"
"0101020300-1-C";"2017-2019";"NTSM100pc";0.843102514047189;0.864710468326439;0.843102514047189;"High";"Planteplankton";"Oksygen"
"0101020300-1-C";"2017-2019";"Scenario A";0.888575557504712;0.770479407241531;0.770479407241531;"Good";"Planteplankton";"Oksygen"
"0101020300-1-C";"2017-2019";"Scenario B";0.894704286203954;0.793018297361217;0.793018297361217;"Good";"Planteplankton";"Oksygen"
"0101020300-2-C";"2017-2019";"baseline";0.894828903700997;0.730978234609311;0.730978234609311;"Good";"Planteplankton";"Oksygen"
"0101020300-2-C";"2017-2019";"DIN100pc";0.89860061236603;0.818247011868454;0.89860061236603;"High";"Planteplankton";"Oksygen"
"0101020300-2-C";"2017-2019";"DINP100pc";0.901468734908324;0.823042099803011;0.901468734908324;"High";"Planteplankton";"Oksygen"
"0101020300-2-C";"2017-2019";"DINTSM100pc";0.92109493536848;0.827684076351765;0.92109493536848;"High";"Planteplankton";"Oksygen"
"0101020300-2-C";"2017-2019";"NTSM100pc";0.939530214561745;0.829743730871787;0.939530214561745;"High";"Planteplankton";"Oksygen"
"0101020300-2-C";"2017-2019";"Scenario A";0.95964767038797;0.738632015278266;0.75964767038797;"Good";"Planteplankton";"Oksygen"
"0101020300-2-C";"2017-2019";"Scenario B";0.961917937936275;0.757432058908286;0.761917937936275;"Good";"Planteplankton";"Oksygen"
"0101020400-3-C";"2017-2019";"baseline";0.944587135314941;0.667171446962705;0.744587135314941;"Good";"Planteplankton";"NO3-N vinter"
"0101020400-3-C";"2017-2019";"DIN100pc";0.958588266372681;0.786154363207694;0.786154363207694;"Good";"Planteplankton";"Siktdyp"
"0101020400-3-C";"2017-2019";"DINP100pc";0.959788846969605;0.791284865316934;0.791284865316934;"Good";"Planteplankton";"Siktdyp"
"0101020400-3-C";"2017-2019";"DINTSM100pc";0.971917057037354;0.794111119191756;0.794111119191756;"Good";"Planteplankton";"Siktdyp"
"0101020400-3-C";"2017-2019";"NTSM100pc";0.976379871368408;0.79570238823757;0.79570238823757;"Good";"Planteplankton";"Oksygen"
"0101020400-3-C";"2017-2019";"Scenario A";0.972488069534302;0.671617237918686;0.772488069534302;"Good";"Planteplankton";"NO3-N vinter"
"0101020400-3-C";"2017-2019";"Scenario B";0.971676588058472;0.695090052900153;0.771676588058472;"Good";"Planteplankton";"NO3-N vinter"
"0101020500-C";"2017-2019";"baseline";0.939671656872651;0.700884261342388;0.739671656872651;"Good";"Planteplankton";"Oksygen"
"0101020500-C";"2017-2019";"DIN100pc";0.941252483220184;0.791338174732716;0.791338174732716;"Good";"Planteplankton";"Oksygen"
"0101020500-C";"2017-2019";"DINP100pc";0.941610707360052;0.795303281074278;0.795303281074278;"Good";"Planteplankton";"Oksygen"
"0101020500-C";"2017-2019";"DINTSM100pc";0.944758492940216;0.798840033929691;0.798840033929691;"Good";"Planteplankton";"Oksygen"
"0101020500-C";"2017-2019";"NTSM100pc";0.946667969102249;0.805568782380281;0.946667969102249;"High";"Planteplankton";"Oksygen"
"0101020500-C";"2017-2019";"Scenario A";0.950915063508969;0.706567363093191;0.750915063508969;"Good";"Planteplankton";"Oksygen"
"0101020500-C";"2017-2019";"Scenario B";0.95120738851097;0.724372900087177;0.75120738851097;"Good";"Planteplankton";"Oksygen"
"0101020601-C";"2017-2019";"baseline";0.679197718556226;0.646771009235771;0.679197718556226;"Good";"Planteplankton";"Oksygen"
"0101020601-C";"2017-2019";"DIN100pc";0.680167767237659;0.735792719137469;0.680167767237659;"Good";"Planteplankton";"Oksygen"
"0101020601-C";"2017-2019";"DINP100pc";0.680204848731115;0.740324880553461;0.680204848731115;"Good";"Planteplankton";"Oksygen"
"0101020601-C";"2017-2019";"DINTSM100pc";0.679519015672606;0.744106015894794;0.679519015672606;"Good";"Planteplankton";"TP vinter"
"0101020601-C";"2017-2019";"NTSM100pc";0.679767646348349;0.749188222157516;0.679767646348349;"Good";"Planteplankton";"TP vinter"
"0101020601-C";"2017-2019";"Scenario A";0.683816921612834;0.658374675105575;0.683816921612834;"Good";"Planteplankton";"Oksygen"
"0101020601-C";"2017-2019";"Scenario B";0.683944319811592;0.687030244251153;0.683944319811592;"Good";"Planteplankton";"Oksygen"
"0101020602-C";"2017-2019";"baseline";0.568842807925984;0.64847250956751;0.568842807925984;"Mod";"Planteplankton";"TP vinter"
"0101020602-C";"2017-2019";"DIN100pc";0.569339697384625;0.745194631422075;0.569339697384625;"Mod";"Planteplankton";"TP vinter"
"0101020602-C";"2017-2019";"DINP100pc";0.566011973439602;0.751156099789816;0.566011973439602;"Mod";"Planteplankton";"TP vinter"
"0101020602-C";"2017-2019";"DINTSM100pc";0.567990748019982;0.757423437455971;0.567990748019982;"Mod";"Planteplankton";"TP vinter"
"0101020602-C";"2017-2019";"NTSM100pc";0.567641587764089;0.766835164441394;0.567641587764089;"Mod";"Planteplankton";"TP vinter"
"0101020602-C";"2017-2019";"Scenario A";0.572982815425029;0.65326260604077;0.572982815425029;"Mod";"Planteplankton";"TP vinter"
"0101020602-C";"2017-2019";"Scenario B";0.572436327339923;0.681241656542084;0.572436327339923;"Mod";"Planteplankton";"TP vinter"
"0101020603-C";"2017-2019";"baseline";0.62441740192343;0.668446245221858;0.62441740192343;"Good";"Planteplankton";"TP vinter"
"0101020603-C";"2017-2019";"DIN100pc";0.625994686683282;0.749232853775613;0.625994686683282;"Good";"Planteplankton";"TP vinter"
"0101020603-C";"2017-2019";"DINP100pc";0.625460837862663;0.753903823159473;0.625460837862663;"Good";"Planteplankton";"TP vinter"
"0101020603-C";"2017-2019";"DINTSM100pc";0.625527827961248;0.757576791648037;0.625527827961248;"Good";"Planteplankton";"TP vinter"
"0101020603-C";"2017-2019";"NTSM100pc";0.625984315355894;0.765219989089112;0.625984315355894;"Good";"Planteplankton";"TP vinter"
"0101020603-C";"2017-2019";"Scenario A";0.628324833160474;0.676937810769299;0.628324833160474;"Good";"Planteplankton";"TP vinter"
"0101020603-C";"2017-2019";"Scenario B";0.628429734770346;0.709412853992211;0.628429734770346;"Good";"Planteplankton";"TP vinter"
"0101020701-5-C";"2017-2019";"baseline";0.585467425822893;0.621460308611632;0.585467425822893;"Mod";"Planteplankton";"Oksygen"
"0101020701-5-C";"2017-2019";"DIN100pc";0.585897470074982;0.723928307222876;0.585897470074982;"Mod";"Planteplankton";"Oksygen"
"0101020701-5-C";"2017-2019";"DINP100pc";0.585233182883243;0.729014523108973;0.585233182883243;"Mod";"Planteplankton";"Oksygen"
"0101020701-5-C";"2017-2019";"DINTSM100pc";0.586488945174596;0.730260967250888;0.586488945174596;"Mod";"Planteplankton";"Oksygen"
"0101020701-5-C";"2017-2019";"NTSM100pc";0.585608763706221;0.735366858394482;0.585608763706221;"Mod";"Planteplankton";"Oksygen"
"0101020701-5-C";"2017-2019";"Scenario A";0.591114762174274;0.630358153241886;0.591114762174274;"Mod";"Planteplankton";"Oksygen"
"0101020701-5-C";"2017-2019";"Scenario B";0.591642655867666;0.659883602833563;0.591642655867666;"Mod";"Planteplankton";"Oksygen"
"0101020702-1-C";"2017-2019";"baseline";0.552689111007839;0.626939577405945;0.552689111007839;"Mod";"Planteplankton";"Oksygen"
"0101020702-1-C";"2017-2019";"DIN100pc";0.555826718015077;0.72333809076074;0.555826718015077;"Mod";"Planteplankton";"TP vinter"
"0101020702-1-C";"2017-2019";"DINP100pc";0.55359094418583;0.72697989827664;0.55359094418583;"Mod";"Planteplankton";"TP vinter"
"0101020702-1-C";"2017-2019";"DINTSM100pc";0.554767893118269;0.730667709761769;0.554767893118269;"Mod";"Planteplankton";"TP vinter"
"0101020702-1-C";"2017-2019";"NTSM100pc";0.553093439871007;0.735820771490026;0.553093439871007;"Mod";"Planteplankton";"TP vinter"
"0101020702-1-C";"2017-2019";"Scenario A";0.561884388180185;0.636890135634309;0.561884388180185;"Mod";"Planteplankton";"TP vinter"
"0101020702-1-C";"2017-2019";"Scenario B";0.560904708765247;0.668982460850974;0.560904708765247;"Mod";"Planteplankton";"TP vinter"
"0101020702-2-C";"2017-2019";"baseline";0.547636500950508;0.632446722107459;0.547636500950508;"Mod";"Planteplankton";"Oksygen"
"0101020702-2-C";"2017-2019";"DIN100pc";0.546477413069669;0.726062769271118;0.546477413069669;"Mod";"Planteplankton";"TP vinter"
"0101020702-2-C";"2017-2019";"DINP100pc";0.546030042024793;0.729756207786205;0.546030042024793;"Mod";"Planteplankton";"TP vinter"
"0101020702-2-C";"2017-2019";"DINTSM100pc";0.544328915372203;0.733736317778526;0.544328915372203;"Mod";"Planteplankton";"TP vinter"
"0101020702-2-C";"2017-2019";"NTSM100pc";0.543511580043286;0.738920104721925;0.543511580043286;"Mod";"Planteplankton";"TP vinter"
"0101020702-2-C";"2017-2019";"Scenario A";0.556734002604181;0.641521375116708;0.556734002604181;"Mod";"Planteplankton";"TP vinter"
"0101020702-2-C";"2017-2019";"Scenario B";0.555498273354653;0.674940566543633;0.555498273354653;"Mod";"Planteplankton";"TP vinter"
"0101020801-C";"2017-2019";"baseline";1;0.530673053666438;0.799;"Good";"Planteplankton";"Oksygen"
"0101020801-C";"2017-2019";"DIN100pc";1;0.705333397946305;0.799;"Good";"Planteplankton";"Oksygen"
"0101020801-C";"2017-2019";"DINP100pc";1;0.714393154659201;0.799;"Good";"Planteplankton";"Oksygen"
"0101020801-C";"2017-2019";"DINTSM100pc";0.976644291124229;0.748724764298111;0.776644291124229;"Good";"Planteplankton";"Oksygen"
"0101020801-C";"2017-2019";"NTSM100pc";0.978974274123859;0.763953917180151;0.778974274123859;"Good";"Planteplankton";"Oksygen"
"0101020801-C";"2017-2019";"Scenario A";1;0.556840830997796;0.799;"Good";"Planteplankton";"Oksygen"
"0101020801-C";"2017-2019";"Scenario B";0.997976109628121;0.579926057675074;0.797976109628121;"Good";"Planteplankton";"Oksygen"
"0101020802-C";"2017-2019";"baseline";0.954830295025191;0.672911228700877;0.754830295025191;"Good";"Planteplankton";"NO3-N vinter"
"0101020802-C";"2017-2019";"DIN100pc";0.967694529943245;0.83128311792256;0.967694529943245;"High";"Planteplankton";"Siktdyp"
"0101020802-C";"2017-2019";"DINP100pc";0.978402687493758;0.839164598602909;0.978402687493758;"High";"Planteplankton";"Siktdyp"
"0101020802-C";"2017-2019";"DINTSM100pc";0.964263081462745;0.849858803480335;0.964263081462745;"High";"Planteplankton";"Siktdyp"
"0101020802-C";"2017-2019";"NTSM100pc";0.978549133028007;0.85243398180258;0.978549133028007;"High";"Planteplankton";"Siktdyp"
"0101020802-C";"2017-2019";"Scenario A";0.976015500097932;0.693126375725338;0.776015500097932;"Good";"Planteplankton";"NO3-N vinter"
"0101020802-C";"2017-2019";"Scenario B";0.978879301468873;0.720141345244854;0.778879301468873;"Good";"Planteplankton";"NO3-N vinter"
"0101020900-C";"2017-2019";"baseline";0.76731629998699;0.708181727055703;0.76731629998699;"Good";"Planteplankton";"NO3-N vinter"
"0101020900-C";"2017-2019";"DIN100pc";0.783051677676223;0.821969476809447;0.783051677676223;"Good";"Planteplankton";"Siktdyp"
"0101020900-C";"2017-2019";"DINP100pc";0.784553547125822;0.830812517214747;0.784553547125822;"Good";"Planteplankton";"Siktdyp"
"0101020900-C";"2017-2019";"DINTSM100pc";0.781659288411487;0.839887693024596;0.781659288411487;"Good";"Planteplankton";"Oksygen"
"0101020900-C";"2017-2019";"NTSM100pc";0.793210224234583;0.84121406307165;0.793210224234583;"Good";"Planteplankton";"Oksygen"
"0101020900-C";"2017-2019";"Scenario A";0.858178679178602;0.722420904645053;0.722420904645053;"Good";"Planteplankton";"NO3-N vinter"
"0101020900-C";"2017-2019";"Scenario B";0.866538298154251;0.747634886792026;0.747634886792026;"Good";"Planteplankton";"NO3-N vinter"
"0101021000-1-C";"2017-2019";"baseline";0.818035295764714;0.740857897238484;0.740857897238484;"Good";"Planteplankton";"Oksygen"
"0101021000-1-C";"2017-2019";"DIN100pc";0.83455212085409;0.834894250483536;0.83455212085409;"High";"Planteplankton";"Oksygen"
"0101021000-1-C";"2017-2019";"DINP100pc";0.837036225742899;0.840495990869685;0.837036225742899;"High";"Planteplankton";"Oksygen"
"0101021000-1-C";"2017-2019";"DINTSM100pc";0.865258890903011;0.846317171980976;0.865258890903011;"High";"Planteplankton";"Oksygen"
"0101021000-1-C";"2017-2019";"NTSM100pc";0.882187061798345;0.848561238232383;0.882187061798345;"High";"Planteplankton";"Oksygen"
"0101021000-1-C";"2017-2019";"Scenario A";0.943230071645054;0.751140475025523;0.751140475025523;"Good";"Planteplankton";"Oksygen"
"0101021000-1-C";"2017-2019";"Scenario B";0.945543789189216;0.772962304683445;0.772962304683445;"Good";"Planteplankton";"Oksygen"
"0101021000-2-C";"2017-2019";"baseline";0.796128317311546;0.738385148612;0.796128317311546;"Good";"Planteplankton";"NO3-N sommer"
"0101021000-2-C";"2017-2019";"DIN100pc";0.809229650095685;0.838840767687377;0.809229650095685;"High";"Planteplankton";"Oksygen"
"0101021000-2-C";"2017-2019";"DINP100pc";0.814156632808861;0.845287569946481;0.814156632808861;"High";"Planteplankton";"Oksygen"
"0101021000-2-C";"2017-2019";"DINTSM100pc";0.832157064589752;0.852843669617941;0.832157064589752;"High";"Planteplankton";"Oksygen"
"0101021000-2-C";"2017-2019";"NTSM100pc";0.85885749324413;0.855305097360328;0.85885749324413;"High";"Planteplankton";"Oksygen"
"0101021000-2-C";"2017-2019";"Scenario A";0.880736180706755;0.751054847534174;0.751054847534174;"Good";"Planteplankton";"NO3-N sommer"
"0101021000-2-C";"2017-2019";"Scenario B";0.883773359960259;0.770462542812175;0.770462542812175;"Good";"Planteplankton";"Oksygen"
"0101021100-C";"2017-2019";"baseline";0.732336866182767;0.767500552105182;0.732336866182767;"Good";"Planteplankton";"NO3-N sommer"
"0101021100-C";"2017-2019";"DIN100pc";0.755101983189183;0.873243653976448;0.755101983189183;"Good";"Planteplankton";"Oksygen"
"0101021100-C";"2017-2019";"DINP100pc";0.755501833512244;0.880598617594484;0.755501833512244;"Good";"Planteplankton";"Oksygen"
"0101021100-C";"2017-2019";"DINTSM100pc";0.780539032249013;0.885067768360817;0.780539032249013;"Good";"Planteplankton";"Oksygen"
"0101021100-C";"2017-2019";"NTSM100pc";0.793574034192827;0.884991079506431;0.793574034192827;"Good";"Planteplankton";"Oksygen"
"0101021100-C";"2017-2019";"Scenario A";0.788083653773804;0.78049555903673;0.788083653773804;"Good";"Planteplankton";"NO3-N sommer"
"0101021100-C";"2017-2019";"Scenario B";0.792051622510155;0.801777324321682;0.792051622510155;"Good";"Planteplankton";"Oksygen"
"0101030101-6-C";"2017-2019";"baseline";0.611829322481654;0.538517754239729;0.538517754239729;"Mod";"Planteplankton";"NO3-N vinter"
"0101030101-6-C";"2017-2019";"DIN100pc";0.651521532530024;0.744242226784261;0.651521532530024;"Good";"Planteplankton";"Siktdyp"
"0101030101-6-C";"2017-2019";"DINP100pc";0.650470706559043;0.762516989951863;0.650470706559043;"Good";"Planteplankton";"Siktdyp"
"0101030101-6-C";"2017-2019";"DINTSM100pc";0.635286645504586;0.781193317646153;0.635286645504586;"Good";"Planteplankton";"Siktdyp"
"0101030101-6-C";"2017-2019";"NTSM100pc";0.651495408076899;0.791402761057011;0.651495408076899;"Good";"Planteplankton";"Siktdyp"
"0101030101-6-C";"2017-2019";"Scenario A";0.585187574352719;0.55397391256783;0.585187574352719;"Mod";"Planteplankton";"NO3-N vinter"
"0101030101-6-C";"2017-2019";"Scenario B";0.579326934429999;0.588778297700015;0.579326934429999;"Mod";"Planteplankton";"Siktdyp"
"0101030102-1-C";"2017-2019";"baseline";0.663157676250572;0.624126389552396;0.663157676250572;"Good";"Planteplankton";"NO3-N vinter"
"0101030102-1-C";"2017-2019";"DIN100pc";0.681059571542748;0.791407953094921;0.681059571542748;"Good";"Planteplankton";"Siktdyp"
"0101030102-1-C";"2017-2019";"DINP100pc";0.680916872188293;0.806515361069872;0.680916872188293;"Good";"Planteplankton";"Siktdyp"
"0101030102-1-C";"2017-2019";"DINTSM100pc";0.691833026126068;0.814754222146058;0.691833026126068;"Good";"Planteplankton";"Siktdyp"
"0101030102-1-C";"2017-2019";"NTSM100pc";0.706501321964389;0.820879893874586;0.706501321964389;"Good";"Planteplankton";"Siktdyp"
"0101030102-1-C";"2017-2019";"Scenario A";0.735956594808031;0.635535859714615;0.735956594808031;"Good";"Planteplankton";"NO3-N vinter"
"0101030102-1-C";"2017-2019";"Scenario B";0.736647847788809;0.665603376722253;0.736647847788809;"Good";"Planteplankton";"NO3-N vinter"
"0101030102-2-C";"2017-2019";"baseline";0.772209884386354;0.729373122941447;0.772209884386354;"Good";"Planteplankton";"Siktdyp"
"0101030102-2-C";"2017-2019";"DIN100pc";0.790906417982049;0.830127659153335;0.790906417982049;"Good";"Planteplankton";"Siktdyp"
"0101030102-2-C";"2017-2019";"DINP100pc";0.790733509686099;0.835970648007581;0.790733509686099;"Good";"Planteplankton";"Siktdyp"
"0101030102-2-C";"2017-2019";"DINTSM100pc";0.799461035143189;0.844904620560264;0.799461035143189;"Good";"Planteplankton";"TP vinter"
"0101030102-2-C";"2017-2019";"NTSM100pc";0.806799990817893;0.847844060600195;0.806799990817893;"High";"Planteplankton";"TP vinter"
"0101030102-2-C";"2017-2019";"Scenario A";0.806861117037962;0.73839529270578;0.73839529270578;"Good";"Planteplankton";"NO3-N sommer"
"0101030102-2-C";"2017-2019";"Scenario B";0.810854051970065;0.760102169925078;0.760102169925078;"Good";"Planteplankton";"NO3-N sommer"
"0101030200-C";"2017-2019";"baseline";0.774029783392873;0.772018866473704;0.774029783392873;"Good";"Planteplankton";"Siktdyp"
"0101030200-C";"2017-2019";"DIN100pc";0.784895366608183;0.859188410949508;0.784895366608183;"Good";"Planteplankton";"Siktdyp"
"0101030200-C";"2017-2019";"DINP100pc";0.784589060677113;0.864568724320726;0.784589060677113;"Good";"Planteplankton";"Siktdyp"
"0101030200-C";"2017-2019";"DINTSM100pc";0.794600610172531;0.874250758298388;0.794600610172531;"Good";"Planteplankton";"Oksygen"
"0101030200-C";"2017-2019";"NTSM100pc";0.823952166323279;0.875407710985876;0.823952166323279;"High";"Planteplankton";"Oksygen"
"0101030200-C";"2017-2019";"Scenario A";0.864694605071132;0.785335337554927;0.785335337554927;"Good";"Planteplankton";"NO3-N sommer"
"0101030200-C";"2017-2019";"Scenario B";0.866120544230559;0.80788806907766;0.866120544230559;"High";"Planteplankton";"Siktdyp"
"0101030300-C";"2017-2019";"baseline";0.834972325594916;0.795636013579109;0.795636013579109;"Good";"Planteplankton";"Siktdyp"
"0101030300-C";"2017-2019";"DIN100pc";0.852162211768968;0.856686724454896;0.852162211768968;"High";"Planteplankton";"Siktdyp"
"0101030300-C";"2017-2019";"DINP100pc";0.849251238976506;0.860666659570547;0.849251238976506;"High";"Planteplankton";"Siktdyp"
"0101030300-C";"2017-2019";"DINTSM100pc";0.90210484619364;0.870951817660728;0.90210484619364;"High";"Planteplankton";"Oksygen"
"0101030300-C";"2017-2019";"NTSM100pc";0.908931515584606;0.872078782545396;0.908931515584606;"High";"Planteplankton";"Oksygen"
"0101030300-C";"2017-2019";"Scenario A";0.904018152174038;0.809314838061335;0.904018152174038;"High";"Planteplankton";"Oksygen"
"0101030300-C";"2017-2019";"Scenario B";0.907231846855824;0.82709255515705;0.907231846855824;"High";"Planteplankton";"Oksygen"
"0101030400-C";"2017-2019";"baseline";0.81479066051115;0.802674652025965;0.81479066051115;"High";"Planteplankton";"Siktdyp"
"0101030400-C";"2017-2019";"DIN100pc";0.849779553435219;0.852119799657346;0.849779553435219;"High";"Planteplankton";"Siktdyp"
"0101030400-C";"2017-2019";"DINP100pc";0.849072918041397;0.855656894194542;0.849072918041397;"High";"Planteplankton";"Siktdyp"
"0101030400-C";"2017-2019";"DINTSM100pc";0.860359301420659;0.865460549869051;0.860359301420659;"High";"Planteplankton";"TP vinter"
"0101030400-C";"2017-2019";"NTSM100pc";0.866995341739616;0.868897812322791;0.866995341739616;"High";"Planteplankton";"TP vinter"
"0101030400-C";"2017-2019";"Scenario A";0.860380118146784;0.814556246921081;0.860380118146784;"High";"Planteplankton";"TP vinter"
"0101030400-C";"2017-2019";"Scenario B";0.863545035941836;0.832752665622713;0.863545035941836;"High";"Planteplankton";"TP vinter"
"0101030500-C";"2017-2019";"baseline";0.800904989242554;0.825190686294214;0.800904989242554;"High";"Planteplankton";"Oksygen"
"0101030500-C";"2017-2019";"DIN100pc";0.835814809799194;0.847387275818657;0.835814809799194;"High";"Planteplankton";"Oksygen"
"0101030500-C";"2017-2019";"DINP100pc";0.835926008224487;0.851458244437573;0.835926008224487;"High";"Planteplankton";"Oksygen"
"0101030500-C";"2017-2019";"DINTSM100pc";0.84972095489502;0.860132909482406;0.84972095489502;"High";"Planteplankton";"Oksygen"
"0101030500-C";"2017-2019";"NTSM100pc";0.85741491317749;0.861387130864724;0.85741491317749;"High";"Planteplankton";"Oksygen"
"0101030500-C";"2017-2019";"Scenario A";0.865131425857544;0.835542783065048;0.865131425857544;"High";"Planteplankton";"Oksygen"
"0101030500-C";"2017-2019";"Scenario B";0.86150107383728;0.847011221496718;0.86150107383728;"High";"Planteplankton";"Oksygen"
"0101030600-C";"2017-2019";"baseline";0.792130271782159;0.808745544430357;0.792130271782159;"Good";"Planteplankton";"Siktdyp"
"0101030600-C";"2017-2019";"DIN100pc";0.817418024361908;0.850437709016082;0.817418024361908;"High";"Planteplankton";"Siktdyp"
"0101030600-C";"2017-2019";"DINP100pc";0.817646111134509;0.854243472881984;0.817646111134509;"High";"Planteplankton";"Siktdyp"
"0101030600-C";"2017-2019";"DINTSM100pc";0.825912569554354;0.862660947398012;0.825912569554354;"High";"Planteplankton";"TP vinter"
"0101030600-C";"2017-2019";"NTSM100pc";0.83845369842765;0.866002039163621;0.83845369842765;"High";"Planteplankton";"TP vinter"
"0101030600-C";"2017-2019";"Scenario A";0.835434713211844;0.819731529384402;0.835434713211844;"High";"Planteplankton";"Siktdyp"
"0101030600-C";"2017-2019";"Scenario B";0.836510568400665;0.837844294436911;0.836510568400665;"High";"Planteplankton";"Siktdyp"
"0101030700-C";"2017-2019";"baseline";0.755785685674148;0.735804761622636;0.755785685674148;"Good";"Planteplankton";"Siktdyp"
"0101030700-C";"2017-2019";"DIN100pc";0.768135288105519;0.84398423187598;0.768135288105519;"Good";"Planteplankton";"Siktdyp"
"0101030700-C";"2017-2019";"DINP100pc";0.768068097645403;0.852151826221855;0.768068097645403;"Good";"Planteplankton";"Siktdyp"
"0101030700-C";"2017-2019";"DINTSM100pc";0.771065945002655;0.855299086240901;0.771065945002655;"Good";"Planteplankton";"Siktdyp"
"0101030700-C";"2017-2019";"NTSM100pc";0.7766003753985;0.858937843171116;0.7766003753985;"Good";"Planteplankton";"Siktdyp"
"0101030700-C";"2017-2019";"Scenario A";0.783002176766435;0.745067392850909;0.783002176766435;"Good";"Planteplankton";"Siktdyp"
"0101030700-C";"2017-2019";"Scenario B";0.781948804499627;0.766457431377237;0.781948804499627;"Good";"Planteplankton";"Siktdyp"
"0101030800-C";"2017-2019";"baseline";0.790045388539632;0.811911261088365;0.790045388539632;"Good";"Planteplankton";"Siktdyp"
"0101030800-C";"2017-2019";"DIN100pc";0.813777446746826;0.848049505642551;0.813777446746826;"High";"Planteplankton";"Siktdyp"
"0101030800-C";"2017-2019";"DINP100pc";0.813808917999268;0.85157258069368;0.813808917999268;"High";"Planteplankton";"Siktdyp"
"0101030800-C";"2017-2019";"DINTSM100pc";0.824166536331177;0.860310441683038;0.824166536331177;"High";"Planteplankton";"TP vinter"
"0101030800-C";"2017-2019";"NTSM100pc";0.83432993888855;0.863642270889883;0.83432993888855;"High";"Planteplankton";"TP vinter"
"0101030800-C";"2017-2019";"Scenario A";0.837073945999146;0.822686480851922;0.837073945999146;"High";"Planteplankton";"Siktdyp"
"0101030800-C";"2017-2019";"Scenario B";0.846891212463379;0.839269527123564;0.846891212463379;"High";"Planteplankton";"Siktdyp"
"0101040100-C";"2017-2019";"baseline";0.820954375162898;0.775318456644045;0.775318456644045;"Good";"Planteplankton";"Siktdyp"
"0101040100-C";"2017-2019";"DIN100pc";0.853658747272003;0.831896480145308;0.853658747272003;"High";"Planteplankton";"TP vinter"
"0101040100-C";"2017-2019";"DINP100pc";0.853818753387119;0.834514714176893;0.853818753387119;"High";"Planteplankton";"TP vinter"
"0101040100-C";"2017-2019";"DINTSM100pc";0.847852605726351;0.843253382419681;0.847852605726351;"High";"Planteplankton";"TP vinter"
"0101040100-C";"2017-2019";"NTSM100pc";0.852748420434891;0.8453353054309;0.852748420434891;"High";"Planteplankton";"TP vinter"
"0101040100-C";"2017-2019";"Scenario A";0.840698572032478;0.783723649198841;0.783723649198841;"Good";"Planteplankton";"TP vinter"
"0101040100-C";"2017-2019";"Scenario B";0.84215685314537;0.798923640509166;0.798923640509166;"Good";"Planteplankton";"TP vinter"
"0101040200-2-C";"2017-2019";"baseline";0.801343671792535;0.799887589427718;0.799887589427718;"Good";"Planteplankton";"Siktdyp"
"0101040200-2-C";"2017-2019";"DIN100pc";0.818989441506671;0.83593095029204;0.818989441506671;"High";"Planteplankton";"TP vinter"
"0101040200-2-C";"2017-2019";"DINP100pc";0.818831427021649;0.838339297111367;0.818831427021649;"High";"Planteplankton";"Siktdyp"
"0101040200-2-C";"2017-2019";"DINTSM100pc";0.817968094976183;0.845512652801018;0.817968094976183;"High";"Planteplankton";"TP vinter"
"0101040200-2-C";"2017-2019";"NTSM100pc";0.821470647447124;0.847090782245286;0.821470647447124;"High";"Planteplankton";"TP vinter"
"0101040200-2-C";"2017-2019";"Scenario A";0.813756706305768;0.810139733391946;0.813756706305768;"High";"Planteplankton";"TP vinter"
"0101040200-2-C";"2017-2019";"Scenario B";0.813569593878838;0.825019186110689;0.813569593878838;"High";"Planteplankton";"TP vinter"
"0101040300-3-C";"2017-2019";"baseline";0.876552520620039;0.7675587334991;0.7675587334991;"Good";"Planteplankton";"Oksygen"
"0101040300-3-C";"2017-2019";"DIN100pc";0.896452352317125;0.813819588555332;0.896452352317125;"High";"Planteplankton";"Oksygen"
"0101040300-3-C";"2017-2019";"DINP100pc";0.896722123212926;0.817965286861811;0.896722123212926;"High";"Planteplankton";"Oksygen"
"0101040300-3-C";"2017-2019";"DINTSM100pc";0.883026877980933;0.829094009063559;0.883026877980933;"High";"Planteplankton";"Oksygen"
"0101040300-3-C";"2017-2019";"NTSM100pc";0.887310113218742;0.830411041464927;0.887310113218742;"High";"Planteplankton";"Oksygen"
"0101040300-3-C";"2017-2019";"Scenario A";0.882773839393436;0.774608691181216;0.774608691181216;"Good";"Planteplankton";"Oksygen"
"0101040300-3-C";"2017-2019";"Scenario B";0.884527964923158;0.785315394518033;0.785315394518033;"Good";"Planteplankton";"Oksygen"
"0101040300-4-C";"2017-2019";"baseline";0.857803781688096;0.780337795932325;0.780337795932325;"Good";"Planteplankton";"Oksygen"
"0101040300-4-C";"2017-2019";"DIN100pc";0.894916829214558;0.827053822187005;0.894916829214558;"High";"Planteplankton";"Oksygen"
"0101040300-4-C";"2017-2019";"DINP100pc";0.894938712076836;0.833913807356629;0.894938712076836;"High";"Planteplankton";"Oksygen"
"0101040300-4-C";"2017-2019";"DINTSM100pc";0.876572292166376;0.837342554840921;0.876572292166376;"High";"Planteplankton";"Oksygen"
"0101040300-4-C";"2017-2019";"NTSM100pc";0.884599064949961;0.837917045301917;0.884599064949961;"High";"Planteplankton";"Oksygen"
"0101040300-4-C";"2017-2019";"Scenario A";0.88042184446015;0.786527994454267;0.786527994454267;"Good";"Planteplankton";"Oksygen"
"0101040300-4-C";"2017-2019";"Scenario B";0.88130563149843;0.800902532783732;0.88130563149843;"High";"Planteplankton";"Oksygen"
"0101040400-4-C";"2017-2019";"baseline";0.798539465061373;0.791151983539292;0.798539465061373;"Good";"Planteplankton";"Siktdyp"
"0101040400-4-C";"2017-2019";"DIN100pc";0.807720166587229;0.836258065970438;0.807720166587229;"High";"Planteplankton";"Siktdyp"
"0101040400-4-C";"2017-2019";"DINP100pc";0.807689154633598;0.840450425885185;0.807689154633598;"High";"Planteplankton";"Siktdyp"
"0101040400-4-C";"2017-2019";"DINTSM100pc";0.801724935744912;0.845463883599223;0.801724935744912;"High";"Planteplankton";"TP vinter"
"0101040400-4-C";"2017-2019";"NTSM100pc";0.805072376859594;0.845705208518863;0.805072376859594;"High";"Planteplankton";"TP vinter"
"0101040400-4-C";"2017-2019";"Scenario A";0.820958950305401;0.795287970582238;0.795287970582238;"Good";"Planteplankton";"TP vinter"
"0101040400-4-C";"2017-2019";"Scenario B";0.820206223070261;0.807677673204925;0.820206223070261;"High";"Planteplankton";"TP vinter"
